"","estrogen_and_mTOR.Rapamycin_vs_Control"
"ARAF.ERN1",0.284623323373686
"CAMKK2.CIT",0.338027340867226
"CIT.TAOK3",0.311120315092698
"CAMKK2.TAOK3",0.892738874598058
"IRAK1.TAOK3",-0.017739734454318
"CIT.IRAK1",-0.0176088121155252
"CAMKK2.IRAK1",0.0797985043814733
"ARAF.MAP4K5",-0.250856112199018
"MAPK14.PDGFRB",-0.589465545575994
"CDK2.CSNK1E",1.30142822739394
"CSNK1E.MAP3K1",0.138179192502871
"MAP4K5.MAPK14",0.140625031807186
"MAP3K1.MAPK14",0.41990375974173
"CSNK1E.MAP4K5",-0.134280865166933
"MAP3K1.MAP4K5",-0.0456790845161009
"MAP4K5.PDGFRB",-0.23851126866661
"MAP4K4.MAP4K5",0.133152801625396
"MAP4K5.YES1",-0.232092747425746
"MAP3K1.MAP4K4",0.513083631033063
"MAP3K1.YES1",0.30005650321174
"CSNK1E.PDGFRB",0.302900704267497
"CSNK1E.MAPK14",0.40462938746358
"MAP3K1.PDGFRB",0.40462938746358
"MAP4K4.YES1",0.40462938746358
"CSNK1E.MAP4K4",0.297185083060318
"CSNK1E.YES1",0.508173626878034
"MAP4K4.MAPK14",0.508173626878034
"PDGFRB.YES1",0.400719833097427
"MAPK14.YES1",-0.0324736475337367
"MAP4K4.PDGFRB",0.400719833097427
"MAPK1.3.PDGFRB",0.917617161863722
"MINK1.SRPK1",1.200687824451
"CDK9.CIT",-0.456588524856095
"ARAF.PRKCI",1.64307781495376
"CAMKK2.CDK9",-0.519781281211691
"CDK9.TAOK3",-0.594056037715994
"ERN1.PRKCI",1.78150357646421
"CDK9.IRAK1",-0.452484060551804
"SRPK1.SRPK3",-0.460369852688614
"CDK2.CDK9",-0.648703952422977
"ERN1.IRAK1",-1.12134722785229
"KIT.MAPK14",-0.0608866520210324
"KIT.MAP3K1",0.618295585131976
"CSNK1E.KIT",0.568624680657387
"KIT.PDGFRB",-0.0598965591746704
"KIT.MAP4K5",0.568624680657387
"KIT.MAP4K4",0.568624680657387
"KIT.YES1",0.568624680657387
"CDK2.CIT",-0.762489199791363
"CAMK2D.CAMKK2",-0.386806186611069
"ABL1.LIMK1.2",-0.148037016692707
"PAK1.PAK3",0.811599177206452
"CAMKK2.CDK2",-1.08576482909227
"CDK2.IRAK1",-0.851027681012097
"CIT.MAST1",-0.0609150167116078
"ARAF.SRPK1",0.101242813383933
"CAMK2D.CIT",-0.393722052048628
"CDK2.TAOK3",-1.25650025531001
"ABL1.ABL2",-0.126278544962321
"ABL2.LIMK1.2",-0.148037016692707
"ARAF.CIT",0.782768564427877
"CAMKK2.MAST1",-0.0609150167116078
"MAST1.TAOK3",-0.0609150167116078
"CDK6.CDK9",-0.233753658462672
"CIT.ERN1",-1.47656283397545
"CAMK2D.TAOK3",-0.393722052048628
"CAMK2D.CDK9",-0.370541252083677
"CAMKK2.CDK6",-1.01395997726231
"CDK6.TAOK3",-1.24013233757611
"ARAF.MAPK14",-0.765574788526751
"CDK2.MAPK9",1.94476735115952
"CDK6.CIT",-0.8192301114346
"ARAF.PLK1",0.158918454486616
"ERN1.TAOK3",-2.86521866829514
"ARAF.IRAK1",0.399669060113688
"RPS6KA2.SRPK1",0.680011338832524
"CSNK1E.MAPK9",1.74976877590045
"CDK1.CDK5",0.069514037848753
"IRAK1.MAST1",-0.31660475175415
"CDK2.ERN1",-1.19517014011531
"ERN1.SRPK1",-0.824848911298463
"CDK6.IRAK1",-0.211438139589155
"ARAF.CAMKK2",-0.212530392077362
"CAMKK2.ERN1",-3.1604835381888
"CDK2.CDK4",-0.874672565919409
"CDK4.CDK9",-0.874672565919409
"SRPK3.TTK",-0.706648912669096
"ARAF.TAOK3",1.08683155863584
"ARAF.CDK2",-0.937233864462671
"MAPK14.SRPK1",-0.0514567170322236
"CAMK2D.IRAK1",0.270141490769084
"CDK9.ERN1",-2.20181337353885
"PIK3CA.TTK",-0.918620723371695
"MAP3K1.PRKCI",-0.600354966984684
"MAPK14.PLK1",0.472894809293803
"STK4.TNK2",-0.0678691464595465
"CDK4.IRAK1",-0.988609114114698
"CDK1.CDK2",0.348142057881762
"CDK2.CDK5",0.348142057881762
"CIT.CSNK1E",-0.898112302004337
"MAPK14.TTK",0.418694355372193
"PIK3CB.PLK1",0.532145985383602
"CDK9.CSNK1E",-0.922352207039356
"ARAF.CSNK1E",-0.997761641002023
"ERN1.MAPK14",-0.491013905104396
"CIT.SRPK1",1.38306226827317
"LATS1.PRKCI",-0.17326274569576
"ERN1.PLK1",-0.720998323638869
"CDK4.CIT",-0.909388119968465
"ARAF.TNK2",0.217839850088421
"CAMKK2.TNK2",0.522824774191913
"CDK4.TAOK3",-0.909388119968465
"CIT.TNK2",0.430574447204494
"MAP4K5.PLK1",0.540955106567362
"TAOK3.TNK2",0.430574447204494
"CAMKK2.CDK4",-0.747274605231147
"ARAF.TTK",0.0952820362500883
"ARAF.MAP3K1",-1.21609653340704
"ARAF.CDK9",-0.328952943269691
"CAMKK2.CSNK1E",-1.23633271090164
"CSNK1E.ERN1",-0.301678093245585
"CSNK1E.TAOK3",-1.13578069744569
"MAPK14.PRKCI",-0.506459418612342
"SRPK1.TAOK3",0.669722868840666
"ARAF.MINK1",1.8206590900046
"PLK1.SRPK1",0.627278228580673
"ARAF.PDGFRB",-0.926654724623213
"ARAF.RPS6KA2",0.914473685571356
"MAP4K5.PRKCI",-0.407395787447731
"MINK1.RPS6KA2",1.08379373604881
"ARAF.SRPK3",-0.747749631616957
"MAP3K1.PLK1",-0.0781640474493658
"MAPK1.3.MAPK14",-1.3663368429179
"ARAF.PAK3",-0.578174077371749
"CAMKK2.SRPK1",0.973069257489686
"CIT.MAP3K1",-1.73373423958063
"CIT.MAP4K5",-0.741799626540987
"IRAK1.TNK2",0.779650166584163
"MAPK14.TNK2",-1.03460430454962
"CIT.MINK1",1.25306352378454
"MAP4K5.SRPK1",0.705451539343162
"ERN1.MAP4K5",-1.13212426059274
"ERN1.TTK",0.0855657944921161
"IRAK1.SRPK1",0.50626290236718
"MTOR.PIK3CA",-1.86722175444314
"CSNK1E.IRAK1",-0.557128395248667
"CAMK2D.CDK6",1.60031512710227
"CIT.MAPK14",-0.195876234599783
"MAPK14.MINK1",-0.204192595864916
"CIT.TTK",-1.01423988404655
"ERN1.SRPK3",-1.04969762429274
"CAMK2G.CAMKK2",-0.109836573790773
"CAMKK2.MAP3K1",-1.150384570394
"CDK2.MAP3K1",-0.389238369163652
"MAP3K1.TAOK3",-1.150384570394
"PAK1.YES1",-0.558750259564535
"AKT1.PIK3CA",0.449614803027167
"CAMK2A.CAMKK2",0.5277770583014
"CDK4.ERN1",-1.50083259953523
"CIT.PRKCI",-0.696695713375808
"PDGFRB.PLK1",0.605041535229898
"CAMKK2.PAK2",-0.358102525477835
"CDK9.MAPK9",1.08832864959269
"CIT.PLK1",-0.565415884807884
"CSNK1E.PLK1",0.435144107335811
"ERN1.RPS6KA2",0.695810142648086
"PIK3CA.PIK3CB",-0.895993610604701
"PLK1.TTK",-0.727166222103876
"PRKCI.YES1",-0.368503354946046
"CIT.DYRK2",1.1087877517396
"CIT.PAK2",-0.358102525477835
"ERN1.MAP3K1",-1.30854733874729
"MAP2K1.TNK2",1.49328156906241
"MAP4K5.PAK3",0.763120122729686
"MAP4K5.TNK2",-0.0757859811133014
"MAPK1.3.TNK2",-1.96244453961357
"MAPK14.SRPK3",-0.00946665906546665
"PAK2.TAOK3",-0.358102525477835
"PDGFRB.SRPK1",0.771487378706488
"PRKCI.RPS6KA2",0.537926731041984
"CDK9.MAST1",-0.32537789227919
"CIT.MAPK9",-0.347230211800899
"PDGFRB.PRKCI",1.27588106898244
"ARAF.YES1",-1.29463362219068
"CAMKK2.MAP4K5",-1.27179799487037
"ERN1.PAK3",-0.424263782806143
"ERN1.TNK2",1.18856000470672
"IRAK1.PLK1",-0.671006622473555
"MAP3K1.SRPK1",-0.970827326871903
"PAK3.SRPK1",0.0231235999067342
"PRKCI.SRPK1",-0.108056596307634
"ARAF.MAPK1.3",-0.944266078772996
"CAMKK2.DYRK2",1.01218010518869
"CAMKK2.PHKG2",1.10855240419786
"CAMKK2.PRKCI",-0.550786322585848
"CSNK1E.PRKCI",1.20742843338875
"DYRK2.TAOK3",1.01218010518869
"MAPK14.TAOK3",-0.0720377308717564
"PAK3.PLK1",NA
"PAK3.PRKCI",-0.119822290425803
"STK3.TNK2",1.3516795218209
"AKT1.LIMK1.2",1.49691757605027
"CAMKK2.MAPK14",-0.0720377308717564
"CAMKK2.RPS6KA2",0.905129247806763
"CDK1.CDK9",0.447740830076048
"CDK5.CDK9",0.447740830076048
"CDK6.ERN1",-2.02997229808932
"CDK9.MAP3K1",-0.747274605231147
"CDK9.TNK2",1.40023817645506
"CSNK1E.PAK3",1.69930213856848
"MAP4K5.TAOK3",-0.945026663612926
"MAPK14.RPS6KA2",-0.684952151018895
"MTOR.TTK",-3.69763494501006
"PIK3CA.PLK1",-0.652204764808714
"AKT1.PRKACA",1.05531146540276
"ARAF.MAP4K4",-0.519518976762196
"MAPK14.PAK3",-0.00546557815977358
"PAK1.PAK4",0.240918908205309
"PLK1.TAOK3",-1.89271537416561
"CAMKK2.MAPK9",-0.347230211800899
"CIT.RPS6KA2",0.528233563572865
"IRAK1.MAP4K5",-0.561707996323305
"MAP4K5.MINK1",2.0094307928556
"MAPK9.TAOK3",-0.347230211800899
"PAK1.PRKCI",0.507690380653222
"PDGFRB.RPS6KA2",0.829554111011639
"PDGFRB.TNK2",-1.88478360694342
"PLK1.PRKCI",0.0231235999067342
"ABL1.PIK3CA",-1.10246772547842
"CAMKK2.PLK1",-1.26156986421329
"CDK9.SRPK1",0.514509394402905
"ERN1.MAP4K4",-0.682356411793259
"ERN1.MINK1",0.555064474738472
"IRAK1.MAP3K1",-1.6224435265593
"MAP3K1.TTK",0.428189788242032
"PLK1.YES1",-0.645058853840868
"TNK2.YES1",-0.256882173509353
"ARAF.PIK3CA",-0.80545635293679
"CAMKK2.MINK1",1.34991489193515
"IRAK1.PAK2",-1.10362635918503
"MAP3K1.PAK3",-0.126549155853217
"AKT1.TTK",-2.92961484583395
"CAMKK2.MAP3K15",0.628777607824595
"CIT.CSNK2A2",0.00126764139988306
"LATS1.PRKACA",1.6295097535018
"MAP4K4.PRKCI",-0.424515068273896
"MAP4K5.PIK3CA",0.0983637451048199
"MAP4K5.TTK",0.120259022398657
"MAPK1.3.SRPK1",0.670584397295285
"PAK3.PDGFRB",-0.335929754487443
"PLK1.TNK2",0.539161283753976
"CAMK2D.CAMK2G",-0.435641967297731
"CAMKK2.CSNK2A2",-0.318884888388581
"CIT.MAP3K15",0.321719420729813
"CIT.PHKG2",0.321719420729813
"CIT.SRPK3",0.612524324423563
"ERN1.YES1",-1.21609653340704
"IRAK1.MAPK14",-0.397920792828182
"MAP3K3.TNK2",-0.382193882064785
"PAK3.TTK",-1.50798620930106
"SRPK1.TTK",-0.0260561215197087
"AKT1.MTOR",0.91728177547415
"AKT1.TNK2",1.1263527062226
"MAP3K15.PHKG2",0.628777607824595
"SRPK1.TNK2",-0.401798333798705
"CAMKK2.CDKL5",0.258957761565107
"CIT.PDGFRB",-0.396528847453805
"CSNK1E.PAK1",NA
"ERN1.PDGFRB",-0.389238369163652
"MAP3K1.RPS6KA2",-0.828665734839502
"MAP4K4.PLK1",0.393602654663734
"MAP4K5.MAPK1.3",-0.197224796733797
"PLK1.RPS6KA2",-1.26740983705944
"RPS6KA2.SRPK3",-0.000801726815990955
"RPS6KA2.TAOK3",0.826266177469079
"SRPK3.TAOK3",0.530461625386706
"MAP3K15.TAOK3",0.321719420729813
"PAK4.PRKCI",0.530507925851119
"PHKG2.TAOK3",0.977651325596764
"STK3.STK4",0.951932015428373
"AKT1.LATS1",0.545795681133711
"AKT1.ROCK1.2",0.433468415073153
"CDK1.ERN1",-2.54681833650534
"CDK5.ERN1",-2.54681833650534
"CIT.MAPK1.3",-0.0821769986390823
"CSNK1E.SRPK1",1.07212090925633
"CSNK2A2.PHKG2",-0.318884888388581
"CSNK2A2.TAOK3",0.00126764139988306
"DYRK2.IRAK1",1.31303771516684
"IRAK1.MAPK9",0.293115177935121
"MAP3K1.TNK2",0.814928048104152
"MAP4K5.RPS6KA2",0.198259114941733
"PAK4.STK3",0.244125815469273
"PRKACA.ROCK1.2",2.07449515090886
"RPS6KA2.RPS6KA3",0.327585370990098
"TAOK3.TTK",-1.77944956405688
"ABL2.ARAF",-1.10913264945652
"ARAF.PAK1",-0.483149608777812
"CAMK2A.CDK9",0.360540368787829
"CAMK2A.CIT",-0.427828972460581
"CAMK2D.MAST1",-0.313082405533318
"CDK1.ULK1",-3.01445124892225
"CDK2.CDK6",-0.725440760640068
"CDK2.MAP4K5",-1.4310937242955
"CDK5.ULK1",-3.01445124892225
"CDK9.CSNK2A2",0.380663552162034
"CIT.MAP4K4",-1.01454382844947
"CIT.PIK3CA",-1.6159892565711
"CSNK1E.MAPK1.3",0.100033533824676
"CSNK1E.TNK2",-0.287138126166785
"LATS1.ROCK1.2",1.12248447026465
"LIMK1.2.SRPK1",-0.504131231099636
"LIMK1.2.TTK",-1.63191493394977
"MAP3K1.MINK1",NA
"MAP3K1.PAK1",0.182260429541206
"MAP4K5.PAK1",-0.682751657977092
"MINK1.PLK1",-0.683972653939241
"PDGFRB.TAOK3",-0.086187963288736
"PRKCI.TAOK3",-0.377309688266333
"RPS6KA2.YES1",0.167745315312683
"AKT1.CIT",-2.8669153842195
"ARAF.CDK4",-0.189921070347475
"CAMK2A.CAMK2G",-0.0850790442192291
"CAMK2D.CDK2",-0.0164793381984815
"CDK2.TNK2",1.18341725246429
"CDK4.CSNK1E",NA
"DYRK2.MAP3K15",0.00126764139988306
"DYRK2.MAST1",0.00126764139988306
"LIMK1.2.PIK3CA",NA
"MAP3K15.MAST1",0.00126764139988306
"MAP3K3.STK3",-0.173189926049265
"MAPK1.3.TAOK3",-0.0821769986390823
"MINK1.PIK3CA",-2.33763882181389
"PAK1.PLK1",NA
"PAK1.TNK2",-0.347786838028445
"PIK3CA.TNK2",-0.3431257773126
"ABL1.ARAF",-1.30581408670062
"ABL2.FYN",0.597312627624964
"ABL2.YES1",-0.492858976274589
"ARAF.PIK3CB",-0.53246861670995
"CAMK2A.CAMK2D",-0.0077626865163532
"CAMKK2.RPS6KA4",-0.377309688266333
"CAMKK2.YES1",-0.833254238740316
"CDK2.CSNK2A2",-0.243133620497598
"CSNK1E.RPS6KA2",-0.704793798630516
"CSNK2A2.MAST1",0.00126764139988306
"EIF2AK1.ULK1",-2.28208198792575
"IRAK1.MAP4K4",-0.568323734416982
"MAP3K3.RPS6KA3",-0.345812573888137
"MAP4K4.PAK3",0.89115190411789
"MAPK14.PIK3CA",-1.52568613083096
"MAST1.PHKG2",0.00126764139988306
"MINK1.PRKCI",0.243933305382712
"MINK1.TTK",0.429243575178399
"PAK3.YES1",0.775244595326905
"PDGFRB.TTK",0.18211480953655
"PRKCI.RPS6KA4",-0.377309688266333
"STK3.YES1",-0.173189926049265
"ARAF.CDK1",-2.11176123990868
"ARAF.CDK5",-2.11176123990868
"ARAF.LIMK1.2",-0.925331048823832
"CAMK2G.CIT",-0.880757244638848
"CAMKK2.EIF2AK1",-3.6246600947264
"CAMKK2.TAOK1",0.00126764139988306
"CAMKK2.TTK",-1.41074674623108
"CIT.TAOK1",0.00126764139988306
"CIT.YES1",-0.917511874757517
"CSNK2A2.DYRK2",0.00126764139988306
"CSNK2A2.MAP3K15",0.00126764139988306
"CSNK2A2.TAOK1",0.00126764139988306
"DYRK2.PHKG2",0.00126764139988306
"DYRK2.TAOK1",0.00126764139988306
"IRAK1.RPS6KA2",NA
"MAP3K15.TAOK1",0.00126764139988306
"MAPK1.3.PAK3",-0.800917414951422
"MAST1.TAOK1",0.00126764139988306
"PAK1.STK3",0.186614983853127
"PHKG2.TAOK1",0.00126764139988306
"PIK3CA.RPS6KA2",0.156737592526249
"PRKACA.PRKCI",0.173893419014223
"RPS6KA2.TNK2",-0.308680571960146
"TAOK1.TAOK3",0.00126764139988306
"ABL1.AKT1",0.591719404146181
"ABL2.MELK",-0.242176809934411
"ABL2.ULK1",-0.326049467590753
"AKT1.PRKCI",0.749875517479701
"CAMK2G.CDK9",-1.10008200163207
"CAMKK2.MAPK1.3",-0.0821769986390823
"CAMKK2.PDGFRB",-0.086187963288736
"CAMKK2.SRPK3",0.865165255420284
"CDK1.EIF2AK1",-3.01445124892225
"CDK2.MAPK1.3",0.414202191119041
"CDK5.EIF2AK1",-3.01445124892225
"CDK6.MAST1",-0.542767041223404
"CIT.PAK3",-0.744064739573356
"CIT.PIK3CB",0.143813064829592
"CIT.RPS6KA4",-0.460044598981927
"CSNK2A2.IRAK1",0.249202791727613
"EIF2AK1.ERN1",-2.87121340096061
"EIF2AK1.TAOK3",-1.26006592222447
"ERN1.MELK",0.29054340885323
"HIPK3.PLK1",0.438436534443619
"IRAK1.MAP3K15",1.01208489366675
"IRAK1.TTK",-1.41074674623108
"LIMK1.2.PRKACA",3.48683195858415
"LIMK1.2.SRPK3",-1.36535799193977
"MAP4K4.TAOK3",-1.01163330681113
"MAPK1.3.PLK1",0.603299429033259
"MAPK1.3.RPS6KA2",0.398504904833142
"MINK1.PAK3",0.543415779317922
"PAK1.SRPK1",NA
"PAK3.SRPK3",-0.347570189243764
"PLK1.SRPK3",0.956476177960359
"PRKACA.PRKACB",3.60977693655874
"TNK2.TTK",NA
"ABL2.ERN1",-0.680321846293179
"ARAF.MAST1",NA
"CAMKK2.MAP4K4",-1.01454382844947
"CDK1.CIT",0.359862004970535
"CDK1.IRAK1",0.0595791457945106
"CDK2.PAK3",NA
"CDK5.CIT",0.359862004970535
"CDK5.IRAK1",0.0595791457945106
"CIT.EIF2AK1",NA
"CIT.PRKACA",0.46877843447288
"CSNK1E.MINK1",NA
"ERN1.MAPK1.3",1.27236139036257
"IRAK1.PHKG2",1.01208489366675
"LATS1.MAP4K5",-0.21275551117538
"LIMK1.2.ROCK1.2",1.89661003301876
"LIMK1.2.TNK2",1.01691193364225
"MAP4K4.RPS6KA2",0.200832567405757
"MAPK14.PAK1",-0.678695205497466
"MELK.MINK1",0.745412755872462
"MINK1.TAOK3",1.26797015174182
"PAK1.PDGFRB",NA
"PIK3CA.PRKACA",0.846411244149732
"PIK3CA.PRKCI",0.635088341341484
"PIK3CA.YES1",-0.445728511738627
"RPS6KA2.TTK",-0.790862502286046
"ABL1.MTOR",-1.81072724526663
"ABL2.CDK17",-0.326049467590753
"ARAF.MELK",0.745412755872462
"CAMK2G.CDKL5",0.200587819582562
"CAMKK2.PRKACA",1.2255507950569
"CDK2.SRPK1",NA
"CIT.LIMK1.2",1.18341725246429
"CSNK1E.TTK",0.57424155414709
"IRAK1.MINK1",NA
"MAP3K1.MAPK1.3",0.0707343901134824
"MAP4K4.SRPK1",NA
"MAP4K5.PIK3CB",-0.902053620156886
"PAK3.TAOK3",-0.959819964332111
"PRKCI.TTK",NA
"TAOK3.YES1",-1.44665425918755
"ABL1.TNK2",0.67320143104256
"ARAF.KIT",0.0300799845521435
"CAMK2D.ERN1",NA
"CAMK2G.MINK1",0.846411244149732
"CAMKK2.PAK1",-0.744064739573356
"CDK2.PAK1",NA
"CDK2.PLK1",NA
"CDK6.TNK2",0.916671062081746
"CIT.MTOR",NA
"CSNK1E.ROCK1.2",1.31188253794933
"EIF2AK1.IRAK1",-0.801909949566113
"ERN1.PAK1",NA
"IRAK1.YES1",-1.78377120233719
"KIT.SRPK1",-0.0201829849425177
"LIMK1.2.MTOR",NA
"MAP3K1.ROCK1.2",-0.628605808560488
"MAP4K4.PAK1",NA
"MAPKAPK2.PIK3CA",NA
"MELK.SRPK1",0.745412755872462
"MELK.ULK1",NA
"MINK1.PDGFRB",0.937309883599275
"MINK1.YES1",NA
"MTOR.PRKACA",NA
"PAK4.YES1",-0.173189926049265
"PDGFRB.ROCK1.2",NA
"PIK3CA.SRPK3",NA
"PIK3CB.TTK",-0.277745842762493
"PRKACA.RPS6KA2",0.826266177469079
"SRPK1.YES1",NA
"ABL1.ERN1",-1.30581408670062
"ABL1.MAPKAPK2",NA
"ABL1.SRPK1",-0.514150851270918
"ABL2.CDK2",1.79567623817036
"ABL2.CSNK1E",1.84441823683006
"AKT1.ARAF",0.418093520331695
"AKT1.MAP4K5",NA
"ARAF.CAMK2D",NA
"ARAF.CDK6",NA
"ARAF.LATS1",-0.278706089732731
"CAMK2A.PRKCI",-0.460044598981927
"CAMK2A.RPS6KA4",-0.460044598981927
"CAMK2D.DYRK2",0.433157907612499
"CAMKK2.CDK1",NA
"CAMKK2.CDK5",NA
"CAMKK2.PAK3",-0.831228472171082
"CAMKK2.PIK3CB",0.222090773259537
"CAMKK2.STK3",0.158962231545354
"CDK1.TAOK3",NA
"CDK17.MELK",NA
"CDK17.ULK1",-0.326049467590753
"CDK2.LIMK1.2",1.94356412755857
"CDK5.TAOK3",NA
"CDK9.PHKG2",0.321719420729813
"CDK9.PLK1",-1.11647241932591
"CIT.PAK1",-0.678695205497466
"CSNK1E.PIK3CA",NA
"EIF2AK1.MAST1",NA
"ERN1.MAST1",NA
"IRAK1.PIK3CB",0.222090773259537
"IRAK1.PRKCI",NA
"LIMK1.2.MINK1",0.104330506779785
"MAP3K1.PIK3CA",-1.44353932053099
"MAP4K5.ROCK1.2",NA
"MAPK1.3.PRKCI",NA
"MAPK1.3.TTK",-5.86284147445981
"MINK1.PAK1",NA
"PAK4.TNK2",-0.173189926049265
"PHKG2.ULK1",0.226907810579093
"PIK3CA.SRPK1",NA
"PIK3CB.TAOK3",0.143813064829592
"PRKCI.SRPK3",-0.396748409384842
"SRPK3.TNK2",-0.835265069159585
"ABL2.PRKCI",-0.356349014073934
"AKT1.PRKACB",NA
"AKT1.RPS6KA2",NA
"AKT1.SRPK3",-2.32840372330546
"CAMK2G.CDK2",NA
"CAMK2G.IRAK1",-1.16916728277492
"CAMK2G.RPS6KA4",0.163779268864909
"CDK2.MAPK14",0.815672573804476
"CDK2.PRKCI",NA
"CLK1.PHKG2",0.640023028974441
"EIF2AK1.MAP3K15",NA
"ERN1.LIMK1.2",-0.96021123333912
"FYN.YES1",-0.356349014073934
"IRAK1.MAPK1.3",0.57424155414709
"IRAK1.PAK3",-0.678695205497466
"IRAK1.PDGFRB",1.06776833294203
"IRAK1.TAOK1",0.249202791727613
"KIT.TTK",-0.0260561215197087
"LATS1.MAPK14",-0.21275551117538
"LATS1.PRKACB",2.79612119176312
"MAP2K1.PIK3CA",-1.24381833932769
"MAP2K1.PRKCI",0.231637837244609
"MAP3K15.MINK1",NA
"MAP3K2.TNK2",0.58293692690468
"MAP3K3.RPS6KA2",NA
"MAPK14.ROCK1.2",1.82920654003146
"PAK1.PRKACA",0.593834525488068
"PHKG2.RPS6KA2",0.739034936131907
"PRKACA.RPS6KA3",0.792275874927
"PRKACA.SRPK3",-0.0142715255174403
"PRKACA.TNK2",-0.226654282299117
"PRKCI.STK3",0.54183551884144
"PRKCI.TNK2",0.600501881387683
"ROCK1.2.SRPK3",NA
"RPS6KA2.ULK1",NA
"ABL1.MAP4K5",NA
"ABL1.SRPK3",NA
"ABL2.MAP3K1",NA
"ABL2.MAP4K5",NA
"ABL2.MINK1",-0.312648917237871
"AKT1.CDK9",-0.21549217769396
"AKT1.CSNK1E",-0.628605808560488
"ARAF.ROCK1.2",0.275550223452117
"CAMK2A.ERN1",-1.248119722325
"CAMK2A.TAOK3",0.00155253730327043
"CAMK2D.CDKL5",-0.852119854356709
"CAMK2D.PHKG2",NA
"CAMK2D.PRKCI",-0.247007172417237
"CAMK2G.TAOK3",-1.16916728277492
"CAMKK2.STK4",0.143813064829592
"CDK1.CSNK1E",-2.41764567785724
"CDK1.LIMK1.2",NA
"CDK17.CDK2",-1.16916728277492
"CDK17.ERN1",-0.880757244638848
"CDK17.FYN",NA
"CDK2.PDGFRB",-0.135207192676759
"CDK4.MAPK9",NA
"CDK5.CSNK1E",-2.41764567785724
"CDK5.LIMK1.2",NA
"CDKL5.PHKG2",0.826266177469079
"CIT.LATS1",1.52923019809457
"DYRK2.EIF2AK1",NA
"EIF2AK1.PHKG2",NA
"ERN1.KIT",0.0300799845521435
"ERN1.ROCK1.2",-0.203836737101219
"FYN.MELK",NA
"IRAK1.SRPK3",-0.070987918393459
"MAP4K4.MINK1",NA
"MAP4K4.ROCK1.2",NA
"MAPK1.3.SRPK3",0.534941291364267
"MAPK14.PIK3CB",1.51483147286042
"MARK3.PRKCI",0.487987196824456
"MTOR.SRPK3",-2.51420367231092
"PAK3.PIK3CA",-0.280739272346673
"PAK3.RPS6KA2",0.681563876135796
"PDGFRB.PIK3CB",NA
"PIK3CB.PRKCI",0.319462609659626
"PRKACA.RPS6KA4",0.977651325596764
"PRKACA.STK3",0.202315567421359
"PRKACA.TAOK3",-0.00179271565994024
"PRKACA.TTK",-0.0714949749534123
"ROCK1.2.YES1",NA
"RPS6KA2.STK3",-1.3228606345012
"ABL1.CIT",1.50900032242096
"ABL1.CSNK1E",1.80370126347342
"ABL1.ROCK1.2",NA
"ABL2.CAMKK2",0.790551069969558
"ABL2.SRPK1",-0.44526769857801
"ABL2.TNK2",0.432265717360172
"AKT1.MAPK14",0.253995102815071
"AKT1.PAK3",-0.512199994060592
"AKT1.SRPK1",-0.866052604400203
"ARAF.MAP2K1",0.0164671448278158
"ARAF.PHKG2",NA
"CAMK2A.IRAK1",1.01208489366675
"CAMK2A.PHKG2",1.01208489366675
"CAMK2D.TNK2",0.865799076120226
"CAMK2G.ERN1",-1.16916728277492
"CAMKK2.CDK17",-1.16916728277492
"CAMKK2.CLK1",0.640023028974441
"CAMKK2.PIK3CA",0.153638137665844
"CDK1.CSNK2A2",NA
"CDK5.CSNK2A2",NA
"CDK9.MAPK14",-0.20616230089315
"CDK9.PRKCI",NA
"CDK9.TTK",NA
"CDKL5.CIT",-0.356349014073934
"CIT.KIT",-1.18118825641117
"CIT.MAP2K1",NA
"CIT.ROCK1.2",0.520136684616041
"CSNK1E.LATS1",NA
"CSNK2A2.EIF2AK1",NA
"EIF2AK1.TAOK1",NA
"LATS1.MAP3K1",NA
"LATS1.PDGFRB",NA
"LATS1.YES1",NA
"LIMK1.2.MAP4K5",NA
"MAP2K1.MAPK1.3",NA
"MAP2K1.PDGFRB",0.892166017237797
"MAP3K1.SRPK3",-0.928527406357774
"MAP4K4.TNK2",1.29578303896061
"PAK1.TAOK3",-0.599184509801458
"PAK3.PIK3CB",0.0139728357294355
"PAK3.TNK2",-1.18701940685063
"PDGFRB.SRPK3",1.13800984329735
"PRKACA.YES1",NA
"ROCK1.2.TTK",-1.88933041657807
"RPS6KA3.RPS6KA4",0.640023028974441
"ABL1.TTK",-4.96636547646241
"ABL2.CIT",1.79567623817036
"ABL2.PIK3CA",NA
"AKT1.CDK1",NA
"AKT1.CDK5",NA
"AKT1.PIK3CB",NA
"AKT1.PLK1",0.731429087732607
"AKT1.STK4",1.25600267834592
"ARAF.MAPK9",NA
"CAMK2A.CDK2",NA
"CAMK2D.RPS6KA4",NA
"CAMK2G.CDK17",-1.16916728277492
"CAMK2G.CDK6",NA
"CAMK2G.PHKG2",NA
"CAMK2G.PRKCI",NA
"CAMKK2.RPS6KA3",NA
"CDK17.IRAK1",NA
"CDK2.MINK1",NA
"CDK4.CDK6",-0.613109345408445
"CDK4.TNK2",0.916671062081746
"CDK9.EIF2AK1",-1.73717577439994
"CDK9.MAP3K15",1.01208489366675
"CDK9.MAP4K5",-1.78377120233719
"CDK9.MINK1",1.26797015174182
"CDKL5.MINK1",0.846411244149732
"CDKL5.RPS6KA4",0.163779268864909
"CLK1.RPS6KA2",0.640023028974441
"CSNK1E.LIMK1.2",2.32856831832195
"CSNK1E.PIK3CB",NA
"ERN1.MAPK9",NA
"ERN1.PIK3CA",-0.565422519145214
"FYN.ULK1",NA
"IRAK1.PAK1",-0.599184509801458
"KIT.PRKCI",0.982422084909481
"KIT.RPS6KA2",-0.749556359750937
"LATS1.PAK3",0.310572142971384
"LATS1.RPS6KA2",1.01334531199038
"LIMK1.2.MAPKAPK2",NA
"LIMK1.2.RPS6KA2",NA
"MAP3K1.MAPK9",NA
"MAP3K1.PIK3CB",NA
"MAP3K3.PAK1",NA
"MAPK1.3.MKNK2",NA
"MAPKAPK2.PLK1",0.471309072476574
"MAST1.SRPK1",NA
"MINK1.MTOR",NA
"MINK1.PHKG2",NA
"MTOR.PRKCI",1.14468018409453
"MTOR.ROCK1.2",NA
"PAK1.RPS6KA2",0.600501881387683
"PAK4.STK4",0.612270796143585
"PDGFRB.PIK3CA",1.25310824629837
"PHKG2.PRKACA",0.905129247806763
"PHKG2.RPS6KA3",NA
"PRKCI.ROCK1.2",NA
"ROCK1.2.SRPK1",0.247190072977224
"RPS6KA2.STK4",NA
"ABL1.MAP2K1",NA
"ABL1.MAP3K1",NA
"ABL1.MINK1",0.104330506779785
"ABL1.PLK1",-0.821730925723108
"ABL1.PRKACA",NA
"ABL1.PRKCI",NA
"ABL2.PLK1",NA
"ABL2.RPS6KA2",NA
"AKT1.CDK2",1.51789206872965
"AKT1.ERN1",-0.528352935471318
"AKT1.MAP3K1",NA
"AKT1.MINK1",NA
"AKT1.RPS6KB1",0.600501881387683
"ARAF.CAMK2A",-0.356349014073934
"ARAF.PRKACA",-0.831228472171082
"BMP2K.CDK2",-0.534691142470734
"CAMK2D.CDK4",NA
"CAMK2D.CSNK1E",-1.38170323201926
"CAMK2D.MAP3K1",-1.59442444194291
"CAMK2D.MAP3K15",NA
"CAMK2D.MINK1",NA
"CAMKK2.MAP2K1",NA
"CDK1.CDK4",NA
"CDK1.CDK6",0.942364616673172
"CDK17.CDK9",-1.16916728277492
"CDK4.CDK5",NA
"CDK5.CDK6",0.942364616673172
"CDK6.MINK1",NA
"CDK6.PLK1",NA
"CDK9.CDKL5",-1.03287421262483
"CDK9.DYRK2",0.249202791727613
"CDK9.MAPK1.3",-0.147299930666428
"CDK9.SRPK3",0.216766679380027
"CDKL5.PRKACA",1.0510677543142
"CDKL5.RPS6KA2",0.858193227720927
"CDKL5.TAOK3",0.901293035316956
"CIT.STK4",0.143813064829592
"EIF2AK1.LIMK1.2",NA
"ERN1.PIK3CB",-0.330223017753508
"ERN1.ULK1",-2.28208198792575
"KIT.PLK1",-0.567607638075733
"LATS1.MAP4K4",NA
"LIMK1.2.MAP2K1",NA
"LIMK1.2.MAP3K1",-1.555596281401
"LIMK1.2.MAPK14",1.02488807180557
"LIMK1.2.PLK1",NA
"LIMK1.2.ULK1",NA
"MAP2K1.MAP3K1",-0.391478923039941
"MAP2K1.MAP4K5",-0.505397116441636
"MAP2K1.RPS6KA2",0.353832640996427
"MAP3K3.PAK4",NA
"MAP3K3.STK4",-0.993078614082812
"MAP3K3.YES1",-0.134152339863939
"MAP4K4.PIK3CA",NA
"MAP4K4.TTK",0.48632967724816
"MAP4K5.MAPKAPK2",NA
"MAP4K5.MAST1",NA
"MAP4K5.PRKACA",-1.49807105546916
"MAP4K5.SRPK3",NA
"MAPK1.3.PIK3CB",NA
"MAST1.PLK1",NA
"MAST1.TNK2",-0.481703731955617
"MINK1.PRKACA",0.846411244149732
"PAK1.PIK3CA",0.759317198530037
"PAK1.STK4",0.459982245523655
"PAK3.PRKACA",-0.0671849941938099
"PAK4.PRKACA",1.14468018409453
"PHKG2.PRKCI",NA
"PHKG2.RPS6KA4",-0.247007172417237
"PHKG2.RPS6KA6",NA
"PHKG2.YES1",NA
"PIK3CA.STK3",1.38214235588134
"PIK3CB.SRPK1",NA
"RPS6KA2.RPS6KA4",0.716217390934008
"RPS6KA2.RPS6KA6",NA
"STK4.TAOK3",0.143813064829592
"TTK.YES1",0.48632967724816
"ABL1.CDK2",1.80370126347342
"ABL1.MAPK14",-1.18179139524958
"ABL1.YES1",-0.439110980919541
"ABL2.IRAK1",NA
"ABL2.MAPKAPK2",NA
"ABL2.SIK2",NA
"AKT1.AKT3",NA
"AKT1.MAP3K11",NA
"AKT1.MAPKAPK2",NA
"ARAF.CSNK2A2",NA
"ARAF.DYRK2",NA
"ARAF.EIF2AK1",NA
"ARAF.MAPKAPK2",NA
"ARAF.STK4",NA
"BMP2K.CSNK1E",-0.534691142470734
"BMP2K.MAPK1.3",-0.534691142470734
"BMP2K.PDGFRB",-0.534691142470734
"CAMK2A.MAP3K15",1.01208489366675
"CAMK2A.MINK1",1.39531607174359
"CAMK2D.CSNK2A2",NA
"CAMK2D.MAP4K5",NA
"CAMK2G.RPS6KA2",NA
"CAMKK2.LIMK1.2",0.882785470878661
"CDK1.TTK",NA
"CDK2.MAP2K1",NA
"CDK2.TTK",NA
"CDK4.MAP3K1",NA
"CDK5.TTK",NA
"CDK9.LIMK1.2",0.916671062081746
"CDK9.MAP2K1",1.00270434730761
"CDK9.TAOK1",0.249202791727613
"CDKL5.CLK1",0.640023028974441
"CIT.PKN2",NA
"CIT.STK3",-0.992639490220736
"CLK1.RPS6KA6",NA
"CSNK1E.MAP2K1",0.701939493527028
"EIF2AK1.RPS6KA2",NA
"EIF2AK1.SRPK1",NA
"EIF2AK1.TTK",NA
"ERN1.MAP2K1",NA
"ERN1.PHKG2",NA
"HIPK3.PRKCI",0.278624090486643
"IRAK1.MAP2K1",0.0164671448278158
"IRAK1.PRKACA",-0.191413851382363
"KIT.TNK2",NA
"LATS1.MTOR",-0.282137081383244
"LATS1.PAK1",1.56553712885575
"LATS1.PLK1",-2.59631983451896
"LATS1.TTK",NA
"LIMK1.2.MAPK1.3",0.591719404146181
"LIMK1.2.PRKCI",NA
"MAP2K1.MAPK14",0.125041354405415
"MAP2K1.STK3",0.113074394484335
"MAP2K1.TAOK3",NA
"MAP3K1.MTOR",NA
"MAP3K11.TTK",NA
"MAP4K4.MAPK1.3",NA
"MAP4K5.MTOR",NA
"MAPK1.3.YES1",NA
"MAPK14.STK4",NA
"MELK.STK3",NA
"MELK.YES1",NA
"MINK1.RPS6KA3",NA
"MINK1.TNK2",NA
"MINK1.ULK1",NA
"MTOR.PIK3CB",NA
"MTOR.SRPK1",-1.81072724526663
"PAK1.PHKG2",NA
"PAK1.RPS6KA3",NA
"PAK4.RPS6KA2",0.306288893797374
"PAK4.RPS6KA4",1.14468018409453
"PHKG2.PLK1",NA
"PKN2.TAOK3",NA
"PRKACA.STK4",0.612270796143585
"RPS6KA3.RPS6KA6",NA
"RPS6KA3.STK3",NA
"STK4.YES1",-0.456350903957952
"TTK.ULK1",NA
"ULK1.YES1",-1.76769310678327
"ABL1.MAPK1.3",1.09056411146348
"ABL1.PDGFRB",NA
"AKT1.EIF2AK1",NA
"AKT1.MAP2K1",NA
"AKT1.PAK1",0.459982245523655
"AKT1.TAOK3",-1.4793375136637
"AKT1.ULK1",NA
"AKT1.YES1",NA
"AURKB.MAP4K5",1.82078318170815
"CAMK2A.CDK17",NA
"CAMK2A.CSNK2A2",0.249202791727613
"CAMK2A.PRKACA",0.725597937293144
"CAMK2G.CLK1",NA
"CAMK2G.MAP3K1",NA
"CAMK2G.MAP3K15",NA
"CAMK2G.MAP4K4",NA
"CAMK2G.YES1",NA
"CAMKK2.CLK2",0.640023028974441
"CAMKK2.KIT",-1.38170323201926
"CAMKK2.MELK",NA
"CAMKK2.ULK1",0.226907810579093
"CDK1.MAP3K11",NA
"CDK1.MINK1",NA
"CDK1.PIK3CA",NA
"CDK1.RPS6KA2",NA
"CDK1.SRPK1",NA
"CDK2.MAST1",0.293115177935121
"CDK2.RPS6KA2",NA
"CDK5.MAP3K11",NA
"CDK5.MINK1",NA
"CDK5.PIK3CA",NA
"CDK5.RPS6KA2",NA
"CDK5.SRPK1",NA
"CDK6.EIF2AK1",-1.15228603249383
"CDK6.MAPK14",-0.744064739573356
"CDK7.PHKG2",NA
"CDK9.PAK1",NA
"CDK9.PAK2",NA
"CDK9.PIK3CB",NA
"CDK9.RPS6KA2",NA
"CDK9.RPS6KA4",NA
"CDKL5.CLK2",0.640023028974441
"CDKL5.PRKCI",NA
"CDKL5.RPS6KA3",NA
"CIT.MAP3K3",0.986491756151685
"CIT.MAPKAPK2",NA
"CLK1.CLK2",0.640023028974441
"CLK1.RPS6KA3",NA
"CLK2.PHKG2",0.640023028974441
"CLK2.RPS6KA2",0.640023028974441
"CSNK1E.CSNK2A2",-0.243133620497598
"CSNK2A2.ERN1",NA
"DYRK2.ERN1",NA
"EIF2AK1.MAP3K11",NA
"EIF2AK1.MINK1",NA
"EIF2AK1.PIK3CA",NA
"ERN1.MAP3K15",NA
"ERN1.PKN2",NA
"HIPK3.MINK1",NA
"IRAK1.LIMK1.2",NA
"KIT.MINK1",NA
"KIT.SRPK3",-1.36535799193977
"KIT.TAOK3",-1.38170323201926
"LATS1.PKN2",NA
"LIMK1.2.MAP3K11",NA
"MAP2K1.MTOR",NA
"MAP2K1.PRKACA",NA
"MAP2K1.SRPK1",0.00465761190981182
"MAP2K1.SRPK3",2.74190834794736
"MAP3K1.SIK2",NA
"MAP3K1.STK3",NA
"MAP3K11.PIK3CA",NA
"MAP3K11.RPS6KA2",NA
"MAP3K11.SRPK1",NA
"MAP3K11.ULK1",NA
"MAP3K3.PRKACA",-0.272915480279667
"MAP4K4.PIK3CB",NA
"MAP4K5.STK4",-0.568006715594126
"MAPK1.3.MINK1",NA
"MAPK1.3.PAK1",NA
"MAPK14.MAPKAPK2",NA
"MAPK14.MAST1",0.242119507377692
"MAPK14.PRKACA",1.68196274369392
"MAPKAPK2.MTOR",NA
"MAPKAPK2.TTK",NA
"MELK.RPS6KA2",NA
"MINK1.RPS6KA4",NA
"MTOR.PAK3",NA
"MTOR.RPS6KA2",-0.633436171043315
"PAK1.RPS6KA4",NA
"PAK1.SRPK3",NA
"PAK2.SRPK1",0.61235822566371
"PAK3.PAK4",0.459982245523655
"PAK4.PIK3CA",-0.282137081383244
"PIK3CA.ROCK1.2",NA
"PIK3CA.TAOK3",NA
"PIK3CA.ULK1",NA
"PKN2.PRKCI",NA
"PLK1.ROCK1.2",0.214072882761605
"PLK1.STK3",NA
"PRKACA.SRPK1",NA
"PRKCI.STK4",1.14468018409453
"SIK2.YES1",NA
"SRPK1.ULK1",NA
"ABL1.CAMKK2",0.61235822566371
"ABL2.CDK9",NA
"ABL2.MAP2K1",NA
"ABL2.MAP4K4",NA
"ABL2.MAPK1.3",NA
"ABL2.MAPK14",-1.27104401877634
"ABL2.MTOR",NA
"ABL2.PAK1",NA
"AKT1.CAMKK2",-0.932918644978525
"AKT1.MAPK1.3",NA
"AKT1.PAK4",0.600501881387683
"AKT1.PDGFRB",NA
"AKT1.RPS6KA4",0.600501881387683
"AKT1.STK3",1.38214235588134
"AKT3.LATS1",NA
"AKT3.PRKCI",NA
"ARAF.FYN",NA
"ARAF.HIPK3",NA
"ARAF.MAP3K15",NA
"ARAF.PAK2",NA
"ARAF.STK3",-0.291797806348896
"ARAF.TAOK1",NA
"ARAF.ULK1",NA
"CAMK2A.CDK6",NA
"CAMK2A.CDKL5",-0.356349014073934
"CAMK2A.PAK1",NA
"CAMK2A.PAK4",3.09033417935343
"CAMK2A.RPS6KA2",NA
"CAMK2A.STK3",NA
"CAMK2D.EIF2AK1",NA
"CAMK2D.MAP4K4",-1.38170323201926
"CAMK2D.MAPK1.3",-1.62453872774679
"CAMK2D.MAPK14",-1.85031395803791
"CAMK2D.PAK2",NA
"CAMK2D.SRPK1",NA
"CAMK2G.PRKACA",0.858193227720927
"CAMK2G.STK3",NA
"CAMKK2.PAK4",3.09033417935343
"CAMKK2.RPS6KA6",NA
"CDK17.CDK6",NA
"CDK17.YES1",NA
"CDK2.FYN",NA
"CDK2.PIK3CB",NA
"CDK2.SRPK3",NA
"CDK2.ULK1",NA
"CDK4.CSNK2A2",NA
"CDK6.MAP3K1",NA
"CDK6.MAP3K15",NA
"CDK6.PAK2",-0.576350068973553
"CDK6.PHKG2",NA
"CDK6.SRPK1",NA
"CDK6.TTK",NA
"CDK9.KIT",-1.85771349850866
"CDK9.PIK3CA",NA
"CDK9.STK3",NA
"CDK9.ULK1",-0.326049467590753
"CDK9.YES1",-1.38170323201926
"CDKL5.MAP3K15",NA
"CDKL5.RPS6KA6",NA
"CIT.CLK1",NA
"CIT.PAK4",NA
"CIT.RPS6KA3",NA
"CLK1.MAP3K15",NA
"CLK1.MINK1",NA
"CLK1.PRKACA",0.640023028974441
"CLK1.RPS6KA4",NA
"CLK2.PRKACA",0.640023028974441
"CLK2.RPS6KA3",NA
"CLK2.RPS6KA6",NA
"CSNK1E.FYN",NA
"CSNK2A2.TNK2",NA
"DYRK2.PAK2",NA
"DYRK2.SRPK1",NA
"ERN1.FYN",NA
"ERN1.HIPK3",NA
"ERN1.STK3",-0.291797806348896
"ERN1.TAOK1",NA
"FYN.MAP3K1",NA
"FYN.PRKCI",NA
"FYN.SIK2",NA
"IRAK1.ROCK1.2",NA
"IRAK1.ULK1",NA
"KIT.MAPK1.3",-0.715113209389281
"KIT.PAK3",NA
"KIT.ROCK1.2",NA
"LATS1.LIMK1.2",NA
"LATS1.MARK3",-0.282137081383244
"LATS1.SRPK1",NA
"LATS1.SRPK3",NA
"LIMK1.2.TAOK3",0.882785470878661
"MAP2K1.PAK1",NA
"MAP2K1.PLK1",NA
"MAP2K1.RPS6KA3",NA
"MAP3K1.MAPKAPK2",NA
"MAP3K11.MINK1",NA
"MAP3K15.PAK2",NA
"MAP3K15.PRKACA",0.640023028974441
"MAP3K15.RPS6KA2",NA
"MAP3K15.RPS6KA3",NA
"MAP3K15.SRPK1",NA
"MAP4K5.STK3",NA
"MAPK1.3.PIK3CA",1.25310824629837
"MINK1.PKN2",NA
"MTOR.TNK2",0.600501881387683
"MTOR.YES1",NA
"PAK3.RPS6KA3",NA
"PAK4.RPS6KA3",NA
"PIK3CA.RPS6KA4",0.846411244149732
"PIK3CA.STK4",NA
"PIK3CB.YES1",NA
"PKN2.ROCK1.2",NA
"PLK1.RPS6KA3",NA
"PRKACB.PRKCI",NA
"PRKACB.ROCK1.2",NA
"PRKCI.RPS6KA3",NA
"PRKD3.RPS6KA3",NA
"RPS6KA3.YES1",NA
"RPS6KA4.TAOK3",NA
"SRPK1.STK4",-0.497168957034192
"STK3.TAOK3",NA
"STK4.TTK",NA
"ABL1.PAK1",NA
"ABL1.PAK3",NA
"ABL2.AKT1",NA
"ABL2.CAMK2G",NA
"ABL2.CDK1",NA
"ABL2.CDK5",NA
"ABL2.PHKG2",NA
"ABL2.TAOK3",1.39092483312284
"AKT1.MAP4K4",NA
"ARAF.AURKB",NA
"ARAF.CAMK2G",NA
"ARAF.CDKL5",-0.936870759737201
"ARAF.MAP3K3",NA
"ARAF.MTOR",NA
"ARAF.PKN2",NA
"ARAF.RPS6KA4",-0.356349014073934
"AURKB.CSNK1E",NA
"AURKB.MAP3K1",NA
"AURKB.MAPK14",NA
"CAMK2A.CLK1",NA
"CAMK2A.MAP3K1",NA
"CAMK2A.MAP4K4",NA
"CAMK2A.MAP4K5",NA
"CAMK2A.MAST1",0.249202791727613
"CAMK2A.YES1",NA
"CAMK2D.CDK1",NA
"CAMK2D.CDK17",NA
"CAMK2D.CDK5",NA
"CAMK2D.CLK1",NA
"CAMK2D.MAPK9",NA
"CAMK2D.PIK3CA",NA
"CAMK2D.PRKACA",-0.247007172417237
"CAMK2D.RPS6KA2",NA
"CAMK2D.TAOK1",NA
"CAMK2G.CDK4",NA
"CAMK2G.MAP4K5",NA
"CAMK2G.MELK",NA
"CAMK2G.PIK3CA",NA
"CAMK2G.RPS6KA3",NA
"CAMK2G.SRPK1",NA
"CAMKK2.CDK16",NA
"CAMKK2.CDK7",NA
"CAMKK2.CLK4",NA
"CAMKK2.FYN",NA
"CAMKK2.LATS1",NA
"CAMKK2.MAP3K3",0.986491756151685
"CDK1.MAPK9",NA
"CDK16.IRAK1",NA
"CDK17.CSNK1E",NA
"CDK17.MAP3K1",NA
"CDK17.MAP4K4",NA
"CDK17.RPS6KA2",NA
"CDK17.SIK2",NA
"CDK2.CDK7",NA
"CDK2.CDKL5",NA
"CDK2.MAP4K4",NA
"CDK2.MELK",NA
"CDK2.PHKG2",NA
"CDK2.ROCK1.2",NA
"CDK4.PLK1",NA
"CDK5.MAPK9",NA
"CDK6.CSNK1E",NA
"CDK6.DYRK2",NA
"CDK6.PRKACA",-0.318884888388581
"CDK6.RPS6KA2",NA
"CDK6.STK3",NA
"CDK6.STK4",NA
"CDK6.ULK1",-0.247007172417237
"CDK7.CDK9",NA
"CDK7.CLK1",NA
"CDK7.CSNK2A2",NA
"CDK9.MAP3K3",NA
"CDK9.MELK",NA
"CDK9.PAK3",NA
"CDK9.PDGFRB",-1.38170323201926
"CDK9.PRKACA",0.244811553106862
"CDK9.STK4",NA
"CDKL5.CLK4",NA
"CDKL5.IRAK1",NA
"CDKL5.MAP4K5",-0.936870759737201
"CDKL5.PIK3CA",NA
"CDKL5.PLK1",NA
"CIT.ULK1",NA
"CLK1.CLK4",NA
"CLK1.ULK1",NA
"CLK2.CLK4",NA
"CLK2.MAP3K15",NA
"CLK2.MINK1",NA
"CLK4.PHKG2",NA
"CLK4.PRKACA",NA
"CLK4.RPS6KA2",NA
"CLK4.RPS6KA3",NA
"CLK4.RPS6KA6",NA
"CSNK1E.SRPK3",NA
"CSNK2A2.PRKCI",NA
"CSNK2A2.RPS6KA4",NA
"DYRK2.MAPKAPK2",NA
"EIF2AK1.MAP4K4",-1.76769310678327
"ERN1.MAP3K3",NA
"ERN1.PAK2",NA
"ERN1.RPS6KA3",NA
"ERN1.STK4",NA
"FYN.MAP4K4",NA
"HIPK3.SRPK1",NA
"IRAK1.MELK",NA
"IRAK1.PIK3CA",NA
"IRAK1.PKN2",NA
"IRAK1.STK4",0.143813064829592
"KIT.LIMK1.2",-0.0184244602180068
"KIT.PAK1",NA
"LATS1.PAK4",0.600501881387683
"LATS1.PIK3CA",NA
"LATS1.PIK3CB",NA
"LATS1.TAOK3",NA
"LATS1.TNK2",NA
"LIMK1.2.PRKACB",NA
"MAP2K1.MAP3K3",NA
"MAP2K1.PAK3",NA
"MAP2K1.ROCK1.2",NA
"MAP2K1.YES1",NA
"MAP3K1.MELK",NA
"MAP3K1.PAK4",NA
"MAP3K1.PRKACA",NA
"MAP3K1.STK4",NA
"MAP3K1.ULK1",NA
"MAP3K15.RPS6KA4",NA
"MAP3K15.RPS6KA6",NA
"MAP3K2.PLK1",NA
"MAP3K3.PIK3CA",NA
"MAP3K3.TAOK3",0.986491756151685
"MAP3K3.ULK1",NA
"MAP4K4.SIK2",NA
"MAPK1.3.MAST1",NA
"MAPK1.3.ROCK1.2",NA
"MAPK14.MELK",NA
"MAPK14.MTOR",-0.716869704837581
"MAPK14.STK3",NA
"MAPK9.PLK1",NA
"MAPKAPK2.PDGFRB",NA
"MAPKAPK2.YES1",NA
"MAST1.PAK2",NA
"MAST1.PIK3CB",NA
"MAST1.TTK",NA
"MAST1.YES1",NA
"MINK1.PIK3CB",NA
"MINK1.RPS6KA6",NA
"MINK1.SRPK3",1.28158545528192
"MINK1.STK3",NA
"MKNK2.TNK2",NA
"MTOR.PAK1",NA
"MTOR.PAK4",0.600501881387683
"MTOR.PLK1",NA
"MTOR.PRKACB",NA
"PAK1.PIK3CB",NA
"PAK1.PRKACB",NA
"PAK1.ULK1",NA
"PAK3.STK3",NA
"PDGFRB.STK3",NA
"PHKG2.SRPK1",NA
"PHKG2.STK3",NA
"PHKG2.TNK2",NA
"PIK3CA.RPS6KA3",NA
"PIK3CA.RPS6KB1",NA
"PIK3CB.PRKACA",NA
"PIK3CB.TNK2",NA
"PLK1.RPS6KA4",NA
"PLK1.STK4",NA
"PRKACA.RPS6KA6",NA
"PRKACB.YES1",NA
"PRKD3.RPS6KA2",NA
"ROCK1.2.TAOK3",NA
"RPS6KA3.SRPK1",NA
"RPS6KA3.TAOK3",NA
"RPS6KA4.STK3",NA
"RPS6KA4.YES1",NA
"RPS6KB1.STK4",0.600501881387683
"RPS6KB1.TNK2",0.600501881387683
"SRPK1.STK3",0.306288893797374
"TAOK3.ULK1",0.640023028974441
"ABL1.IRAK1",NA
"ABL1.LATS1",NA
"ABL1.MKNK2",NA
"ABL1.PIK3CB",NA
"ABL1.RPS6KA2",NA
"ABL1.STK3",NA
"ABL1.TAOK3",0.61235822566371
"ABL2.CAMK2A",NA
"ABL2.CDK6",NA
"ABL2.EIF2AK1",NA
"ABL2.PDGFRB",NA
"ABL2.PRKACA",NA
"ABL2.RPS6KA3",NA
"ABL2.TTK",-1.06992528994595
"AKT1.CAMK2A",NA
"AKT1.KIT",NA
"AKT1.MAP3K3",NA
"AKT1.MARK3",NA
"ARAF.MAP3K2",0.275550223452117
"ARAF.PAK4",-0.291797806348896
"ARAF.RPS6KA3",NA
"AURKB.MAP4K4",NA
"AURKB.PAK3",NA
"AURKB.PDGFRB",NA
"AURKB.ROCK1.2",NA
"AURKB.YES1",NA
"CAMK2A.CDK4",NA
"CAMK2A.CDK7",NA
"CAMK2A.DYRK2",0.249202791727613
"CAMK2A.EIF2AK1",NA
"CAMK2A.MAPK1.3",NA
"CAMK2A.RPS6KA3",NA
"CAMK2A.TAOK1",0.249202791727613
"CAMK2A.TNK2",NA
"CAMK2D.CDK7",NA
"CAMK2D.PAK1",NA
"CAMK2D.PAK3",NA
"CAMK2D.PLK1",NA
"CAMK2D.STK3",NA
"CAMK2D.STK4",NA
"CAMK2D.YES1",-1.38170323201926
"CAMK2G.CDK1",NA
"CAMK2G.CDK5",NA
"CAMK2G.CDK7",NA
"CAMK2G.CLK2",NA
"CAMK2G.CSNK1E",NA
"CAMK2G.CSNK2A2",NA
"CAMK2G.FYN",NA
"CAMK2G.PAK1",NA
"CAMK2G.PLK1",NA
"CAMK2G.RPS6KA6",NA
"CAMK2G.SIK2",NA
"CAMK2G.STK4",NA
"CAMKK2.MAPKAPK2",NA
"CAMKK2.PKN2",NA
"CAMKK2.PRKD3",NA
"CAMKK2.ROCK1.2",NA
"CAMKK2.SIK2",NA
"CDK1.CDK17",NA
"CDK1.MAP2K1",NA
"CDK1.MAPK14",-1.76769310678327
"CDK1.MAPKAPK2",NA
"CDK1.PRKCI",NA
"CDK16.CDK17",NA
"CDK16.CDK2",NA
"CDK16.CDK9",NA
"CDK16.ERN1",NA
"CDK17.CDK4",NA
"CDK17.CDK5",NA
"CDK17.MINK1",NA
"CDK2.EIF2AK1",NA
"CDK2.KIT",NA
"CDK2.RPS6KA4",NA
"CDK2.SIK2",NA
"CDK2.YES1",NA
"CDK5.MAP2K1",NA
"CDK5.MAPK14",-1.76769310678327
"CDK5.MAPKAPK2",NA
"CDK5.PRKCI",NA
"CDK6.CSNK2A2",NA
"CDK6.FYN",NA
"CDK6.MAP2K1",NA
"CDK6.MAPK9",NA
"CDK6.MELK",NA
"CDK6.PAK1",NA
"CDK6.SIK2",NA
"CDK6.TAOK1",NA
"CDK6.YES1",NA
"CDK7.CIT",NA
"CDK7.PRKCI",NA
"CDK7.RPS6KA4",NA
"CDK9.FYN",NA
"CDK9.MAP4K4",-1.38170323201926
"CDK9.PAK4",NA
"CDKL5.PRKD3",NA
"CDKL5.SRPK1",NA
"CIT.MELK",NA
"CIT.PRKACB",NA
"CIT.RPS6KB1",NA
"CLK1.PLK1",NA
"CLK1.PRKCI",NA
"CLK1.PRKD3",NA
"CLK1.TAOK3",NA
"CLK2.PRKD3",NA
"CLK2.RPS6KA4",NA
"CLK4.MAP3K15",NA
"CLK4.MINK1",NA
"CLK4.PRKD3",NA
"CSNK1E.MAPKAPK2",NA
"CSNK1E.MELK",NA
"CSNK1E.MTOR",NA
"CSNK1E.PKN2",NA
"CSNK1E.PRKACA",NA
"CSNK1E.SIK2",NA
"CSNK2A2.MAPK9",NA
"CSNK2A2.SRPK1",NA
"DYRK2.PAK3",NA
"DYRK2.PLK1",NA
"DYRK2.SRPK3",NA
"EIF2AK1.MAP3K1",-1.76769310678327
"EIF2AK1.PAK2",NA
"EIF2AK1.SRPK3",NA
"EIF2AK1.YES1",NA
"ERN1.LATS1",-0.182455964692199
"ERN1.PRKACA",NA
"ERN1.SIK2",NA
"FYN.IRAK1",NA
"FYN.MAP4K5",NA
"FYN.MINK1",NA
"FYN.PLK1",NA
"FYN.RPS6KA2",NA
"HIPK3.MAP3K1",NA
"HIPK3.MAP3K15",NA
"HIPK3.PAK1",NA
"HIPK3.PAK3",NA
"IRAK1.KIT",NA
"IRAK1.LATS1",NA
"IRAK1.SIK2",NA
"IRAK1.STK3",NA
"KIT.MAP2K1",0.113074394484335
"KIT.PIK3CA",NA
"KIT.PRKACA",NA
"LATS1.MAP2K1",NA
"LATS1.MAPK1.3",NA
"LATS1.RPS6KA4",NA
"LATS2.MTOR",NA
"LATS2.PIK3CA",NA
"LATS2.TTK",NA
"LIMK1.2.MKNK2",NA
"LIMK1.2.PDGFRB",NA
"LIMK1.2.STK4",NA
"MAP2K1.MAP2K2",NA
"MAP2K1.MAP4K4",NA
"MAP2K1.MAST1",NA
"MAP2K1.MELK",NA
"MAP2K1.PAK4",NA
"MAP2K1.PIK3CB",NA
"MAP2K1.STK4",NA
"MAP2K1.ULK1",NA
"MAP3K1.PHKG2",NA
"MAP3K1.PKN2",NA
"MAP3K15.PLK1",NA
"MAP3K15.PRKD3",NA
"MAP3K3.PAK3",NA
"MAP3K3.PHKG2",NA
"MAP3K3.PLK1",NA
"MAP3K3.PRKCI",NA
"MAP3K3.SLK",NA
"MAP3K3.SRPK1",NA
"MAP4K4.MAPKAPK2",NA
"MAP4K4.MELK",NA
"MAP4K4.PKN2",NA
"MAP4K4.STK3",NA
"MAP4K5.MELK",NA
"MAP4K5.PHKG2",NA
"MAP4K5.PKN2",NA
"MAPK1.3.MAPKAPK2",NA
"MAPK1.3.PRKACA",NA
"MAPK14.MAPK9",NA
"MAPK14.MKNK2",NA
"MAPK9.PAK1",NA
"MAPK9.PAK3",NA
"MAPKAPK2.ULK1",NA
"MARK3.PAK4",1.38214235588134
"MAST1.MINK1",NA
"MAST1.SRPK3",NA
"MELK.PHKG2",NA
"MELK.RPS6KA3",NA
"MELK.SIK2",NA
"MELK.TAOK3",NA
"MINK1.PRKD3",NA
"MINK1.STK4",NA
"MKNK2.PIK3CA",NA
"MKNK2.SRPK1",NA
"MTOR.RPS6KB1",NA
"MTOR.STK3",NA
"MTOR.STK4",1.38214235588134
"PAK1.PAK2",-0.576350068973553
"PAK1.TTK",NA
"PAK2.PHKG2",NA
"PAK2.PLK1",0.301897655176623
"PAK3.PHKG2",NA
"PAK3.PRKACB",NA
"PAK3.RPS6KA4",NA
"PAK3.STK4",NA
"PAK4.PDGFRB",NA
"PAK4.PLK1",NA
"PAK4.PRKACB",NA
"PAK4.SRPK1",NA
"PAK4.SRPK3",NA
"PDGFRB.PRKACA",NA
"PHKG2.PRKD3",NA
"PIK3CB.PRKACB",NA
"PIK3CB.SRPK3",NA
"PIK3CB.STK4",NA
"PKN2.SRPK1",NA
"PKN2.TTK",NA
"PKN2.YES1",NA
"PLK1.PRKACA",NA
"PLK1.ULK1",NA
"PRKACA.PRKD3",NA
"PRKACB.RPS6KA4",NA
"PRKCI.ULK1",NA
"PRKD3.RPS6KA6",NA
"ROCK1.2.TNK2",NA
"RPS6KA3.STK4",NA
"RPS6KA3.TNK2",NA
"RPS6KA3.ULK1",NA
"RPS6KA4.RPS6KA6",NA
"RPS6KA4.SRPK1",NA
"RPS6KA6.ULK1",NA
"RPS6KB1.TTK",NA
"SLK.TNK2",NA
"SRPK1.TAOK1",NA
